136.054,136.111,136.173,136.237,136.305,136.374,136.445,136.519,136.593,136.669,136.747,136.827,136.909,136.992,137.077,137.163,137.25,137.337,137.425,137.514,137.604,137.693,137.782,137.872,137.963,138.054,138.144,138.234,138.325,138.415,138.506,138.597,138.689,138.782,138.874,138.966,139.057,139.15,139.243,139.334,
137.916,137.83,137.742,137.651,137.56,137.47,137.38,137.291,137.202,137.114,137.025,136.938,136.851,136.764,136.678,136.592,136.507,136.424,136.341,136.257,136.174,136.093,136.013,135.934,135.855,135.776,135.699,135.621,135.544,135.468,135.391,135.315,135.238,135.162,135.087,135.011,134.937,134.861,134.784,134.707,
-0.981243,-0.963923,-0.952121,-0.932947,-0.916549,-0.89996,-0.883122,-0.872482,-0.861461,-0.846781,-0.831486,-0.812797,-0.806764,-0.793719,-0.781763,-0.773091,-0.763356,-0.759376,-0.751678,-0.747136,-0.740546,-0.728549,-0.720308,-0.721314,-0.713021,-0.709544,-0.710753,-0.704118,-0.702999,-0.699952,-0.697885,-0.692821,-0.685168,-0.685612,-0.687731,-0.686068,-0.688003,-0.693195,-0.698318,-0.695755,
2.05678,2.15074,2.2343,2.27532,2.2547,2.28997,2.32424,2.32812,2.31342,2.3605,2.37231,2.3821,2.41301,2.41473,2.43382,2.43098,2.40534,2.42813,2.44152,2.43733,2.41445,2.39353,2.39523,2.41013,2.41352,2.37409,2.38603,2.37025,2.36116,2.38155,2.37289,2.40691,2.3929,2.38339,2.37825,2.34348,2.40224,2.41285,2.38453,2.38745,
2.22353,2.41652,2.45663,2.37886,2.20395,2.37789,2.4078,2.33738,2.27842,2.47364,2.3999,2.40482,2.48426,2.41862,2.47697,2.42463,2.34793,2.47994,2.47156,2.42801,2.36341,2.34623,2.39913,2.4442,2.42123,2.28488,2.4137,2.33394,2.34007,2.42915,2.35293,2.48576,2.36109,2.36159,2.36642,2.26314,2.5409,2.43703,2.32043,2.39416,
0.375147,0.346397,0.236044,0.383467,0.327961,0.331792,0.336748,0.212801,0.220424,0.293605,0.305902,0.373782,0.120656,0.260895,0.23911,0.173444,0.1947,0.0796021,0.153966,0.0908313,0.131813,0.23994,0.164822,-0.0201196,0.165856,0.0695356,-0.0241785,0.132695,0.0223939,0.0609275,0.0413342,0.101287,0.153064,-0.00888516,-0.0423732,0.0332667,-0.0387037,-0.103837,-0.102476,0.0512702,
136.111,136.174,136.24,136.311,136.385,136.462,136.543,136.625,136.709,136.794,136.883,136.972,137.062,137.154,137.247,137.342,137.436,137.533,137.629,137.727,137.825,137.923,138.021,138.121,138.222,138.322,138.422,138.523,138.623,138.724,138.826,138.931,139.035,139.138,139.242,139.344,139.448,139.552,139.656,139.761,
137.83,137.741,137.649,137.555,137.461,137.367,137.271,137.176,137.082,136.988,136.895,136.804,136.715,136.626,136.537,136.449,136.362,136.275,136.19,136.105,136.021,135.94,135.859,135.778,135.697,135.619,135.539,135.462,135.385,135.308,135.231,135.154,135.078,135.003,134.927,134.853,134.779,134.703,134.627,134.551,
-0.961494,-0.944665,-0.923046,-0.903181,-0.885833,-0.869441,-0.859813,-0.842927,-0.829937,-0.808466,-0.796437,-0.785881,-0.770322,-0.759449,-0.751022,-0.742442,-0.732649,-0.723779,-0.716563,-0.704074,-0.695336,-0.687422,-0.680544,-0.67458,-0.669709,-0.666192,-0.657435,-0.656134,-0.650904,-0.642868,-0.63808,-0.630664,-0.629005,-0.628597,-0.623848,-0.623773,-0.629228,-0.628943,-0.629258,-0.627754,
2.17816,2.2779,2.35389,2.39063,2.42944,2.5073,2.50394,2.51891,2.54594,2.57327,2.54317,2.53763,2.55706,2.56177,2.60358,2.56852,2.59249,2.57473,2.58515,2.58177,2.54526,2.55126,2.56735,2.58462,2.54066,2.56203,2.54426,2.52517,2.53904,2.55988,2.59095,2.58362,2.55281,2.55847,2.52901,2.55483,2.57063,2.57631,2.5962,2.57522,
2.52147,2.53873,2.54059,2.47679,2.51844,2.68179,2.49675,2.55102,2.6034,2.63045,2.48117,2.52602,2.59793,2.57155,2.69029,2.49756,2.64201,2.53855,2.6066,2.57484,2.47044,2.5638,2.60093,2.6203,2.45072,2.60688,2.50741,2.48519,2.5684,2.60367,2.65544,2.56869,2.48973,2.57025,2.46779,2.60942,2.60352,2.58803,2.63709,2.53258,
0.394972,0.336576,0.43238,0.397297,0.346958,0.327845,0.192562,0.337727,0.259788,0.429436,0.240565,0.211121,0.311192,0.217444,0.168545,0.171601,0.195857,0.177409,0.144313,0.249776,0.174764,0.158283,0.137571,0.11928,0.0974043,0.0703433,0.175135,0.0260347,0.104602,0.160709,0.0957543,0.148335,0.0331668,0.00817339,0.0949662,0.00150972,-0.109099,0.00568977,-0.00628229,0.0300645,
136.174,136.241,136.313,136.39,136.47,136.553,136.638,136.724,136.813,136.905,136.996,137.089,137.184,137.281,137.379,137.478,137.579,137.68,137.782,137.885,137.988,138.091,138.195,138.301,138.405,138.51,138.616,138.722,138.828,138.934,139.041,139.148,139.255,139.362,139.469,139.578,139.688,139.798,139.909,140.018,
137.741,137.648,137.553,137.457,137.36,137.263,137.166,137.07,136.974,136.879,136.786,136.693,136.601,136.511,136.421,136.332,136.243,136.155,136.069,135.984,135.9,135.818,135.736,135.655,135.575,135.496,135.417,135.339,135.261,135.184,135.108,135.032,134.956,134.88,134.805,134.729,134.652,134.574,134.496,134.42,
-0.942783,-0.920473,-0.898244,-0.880933,-0.865171,-0.851627,-0.836598,-0.822022,-0.806027,-0.79442,-0.781428,-0.767666,-0.752187,-0.743016,-0.732639,-0.722072,-0.713483,-0.704771,-0.6918,-0.682031,-0.671993,-0.663017,-0.657888,-0.653507,-0.645719,-0.639103,-0.637824,-0.631129,-0.624797,-0.62279,-0.619228,-0.617831,-0.613903,-0.611383,-0.611509,-0.611476,-0.613971,-0.61237,-0.608128,-0.609093,
2.29864,2.38239,2.45573,2.51009,2.5646,2.57682,2.58781,2.61849,2.6382,2.61061,2.62399,2.641,2.64209,2.67359,2.66313,2.68729,2.67205,2.68202,2.66468,2.64561,2.64636,2.64498,2.67263,2.6151,2.63945,2.63786,2.63765,2.63121,2.61759,2.62284,2.63044,2.62423,2.6197,2.61472,2.66264,2.6855,2.68897,2.70125,2.66986,2.68175,
2.6137,2.58554,2.62479,2.63,2.68109,2.60212,2.61042,2.68115,2.67777,2.55585,2.65095,2.67504,2.64424,2.73598,2.64279,2.73455,2.64264,2.70143,2.63111,2.60834,2.64783,2.64224,2.7273,2.50315,2.68841,2.63469,2.63723,2.61842,2.59047,2.63338,2.64564,2.61185,2.61065,2.60472,2.75903,2.73023,2.69568,2.72493,2.60976,2.70493,
0.374229,0.446183,0.44459,0.346215,0.315245,0.27088,0.300571,0.291527,0.319894,0.232152,0.259837,0.275242,0.309578,0.18341,0.207548,0.211345,0.171767,0.174254,0.259405,0.195382,0.200773,0.179512,0.102575,0.0876351,0.155744,0.132328,0.0255803,0.133893,0.126642,0.0401386,0.0712433,0.0279488,0.0785597,0.0503981,-0.00252865,0.000668278,-0.0498951,0.0320078,0.0848369,-0.0192879,
136.241,136.313,136.389,136.469,136.552,136.638,136.727,136.816,136.906,136.999,137.093,137.189,137.287,137.385,137.485,137.587,137.687,137.79,137.894,137.998,138.103,138.21,138.318,138.425,138.533,138.642,138.75,138.859,138.969,139.08,139.191,139.302,139.414,139.526,139.638,139.751,139.864,139.976,140.09,140.204,
137.648,137.554,137.458,137.361,137.262,137.163,137.065,136.969,136.874,136.78,136.686,136.594,136.502,136.411,136.322,136.232,136.146,136.058,135.972,135.886,135.802,135.718,135.635,135.553,135.472,135.391,135.311,135.232,135.152,135.073,134.994,134.915,134.836,134.758,134.68,134.602,134.523,134.446,134.368,134.29,
-0.918469,-0.900303,-0.882107,-0.86783,-0.856232,-0.837088,-0.822968,-0.808867,-0.796659,-0.783162,-0.767297,-0.75443,-0.743585,-0.731197,-0.719923,-0.711714,-0.704573,-0.694661,-0.686894,-0.673542,-0.66701,-0.658695,-0.650948,-0.645302,-0.639577,-0.63486,-0.630064,-0.626381,-0.620306,-0.618125,-0.618066,-0.613074,-0.608208,-0.608536,-0.606227,-0.605873,-0.604839,-0.60135,-0.601208,-0.598125,
2.37394,2.44093,2.51264,2.58698,2.62332,2.63511,2.6216,2.62518,2.64992,2.65408,2.65751,2.68728,2.68269,2.6671,2.71532,2.66119,2.70546,2.68895,2.69295,2.70196,2.71111,2.72221,2.6963,2.71074,2.70359,2.70014,2.69845,2.72122,2.71812,2.71084,2.7414,2.74288,2.71289,2.73454,2.75692,2.7553,2.72402,2.74715,2.76474,2.73552,
2.55658,2.59612,2.67227,2.74559,2.6976,2.6587,2.59475,2.63236,2.69938,2.66228,2.66426,2.74571,2.67383,2.63693,2.80946,2.55834,2.79219,2.6574,2.70067,2.71928,2.72862,2.74336,2.64727,2.73846,2.68997,2.69355,2.69522,2.76489,2.71223,2.69705,2.79961,2.74565,2.65679,2.77574,2.79899,2.75227,2.66592,2.79088,2.79757,2.68152,
0.486271,0.363313,0.363917,0.285557,0.23195,0.382873,0.282415,0.282023,0.244141,0.269952,0.317292,0.257336,0.216903,0.24776,0.225494,0.164165,0.14282,0.198254,0.155331,0.267044,0.130628,0.166319,0.154936,0.112911,0.114495,0.0943537,0.0959044,0.073677,0.121499,0.0436183,0.00117562,0.0998288,0.0973379,-0.00656804,0.0461762,0.00707865,0.0206885,0.0697827,0.00283406,0.0616544,
136.313,136.389,136.469,136.552,136.639,136.729,136.819,136.911,137.005,137.102,137.2,137.298,137.399,137.499,137.601,137.704,137.81,137.917,138.024,138.131,138.239,138.349,138.457,138.567,138.675,138.785,138.896,139.007,139.119,139.229,139.339,139.449,139.559,139.67,139.782,139.894,140.006,140.118,140.23,140.342,
137.554,137.458,137.361,137.262,137.163,137.063,136.966,136.87,136.775,136.679,136.585,136.493,136.401,136.312,136.222,136.133,136.044,135.955,135.869,135.783,135.699,135.615,135.532,135.451,135.37,135.288,135.207,135.126,135.047,134.968,134.89,134.814,134.737,134.661,134.585,134.509,134.433,134.358,134.283,134.208,
-0.903081,-0.883378,-0.868273,-0.854395,-0.835449,-0.821314,-0.807011,-0.791762,-0.778053,-0.766637,-0.752106,-0.740844,-0.729296,-0.721238,-0.709611,-0.700204,-0.691153,-0.681048,-0.671731,-0.664027,-0.653938,-0.650036,-0.642975,-0.639614,-0.635567,-0.632992,-0.627512,-0.621447,-0.617081,-0.617921,-0.610147,-0.604733,-0.600847,-0.596721,-0.596258,-0.596548,-0.594946,-0.590353,-0.58782,-0.585895,
2.44258,2.51776,2.58359,2.63595,2.68321,2.65128,2.65193,2.69024,2.71332,2.71833,2.70144,2.72178,2.67654,2.72324,2.72878,2.76768,2.77523,2.74728,2.74875,2.74685,2.76113,2.71902,2.7301,2.71484,2.72956,2.75725,2.74251,2.73397,2.71681,2.69756,2.67233,2.67529,2.69365,2.70459,2.71892,2.69607,2.70277,2.69427,2.68834,2.67129,
2.60161,2.68492,2.72364,2.74317,2.77712,2.58951,2.65322,2.76568,2.75777,2.72786,2.66941,2.76074,2.59089,2.81391,2.73926,2.84104,2.78915,2.69593,2.75149,2.7433,2.78778,2.64106,2.75111,2.68609,2.75752,2.80944,2.71515,2.718,2.68456,2.66101,2.62392,2.68104,2.72933,2.72565,2.7463,2.65276,2.71563,2.67801,2.67694,2.63841,
0.307759,0.394057,0.302095,0.277575,0.378921,0.282685,0.286068,0.304978,0.274175,0.228334,0.290607,0.225251,0.23095,0.161157,0.232548,0.188145,0.181021,0.202093,0.18634,0.154088,0.201777,0.0780409,0.141206,0.0672242,0.0809392,0.0515052,0.109609,0.121281,0.0873266,-0.0167929,0.155481,0.108282,0.077714,0.08251,0.00926912,-0.0057968,0.0320277,0.0918719,0.0506551,0.0384917,
136.389,136.469,136.552,136.639,136.728,136.818,136.91,137.004,137.101,137.199,137.298,137.398,137.498,137.6,137.703,137.809,137.915,138.02,138.126,138.233,138.343,138.452,138.561,138.672,138.783,138.894,139.005,139.116,139.227,139.339,139.453,139.565,139.68,139.794,139.909,140.022,140.135,140.249,140.361,140.474,
137.458,137.36,137.262,137.162,137.064,136.967,136.871,136.776,136.681,136.587,136.495,136.404,136.316,136.227,136.14,136.052,135.965,135.88,135.795,135.712,135.629,135.546,135.465,135.383,135.303,135.224,135.145,135.067,134.99,134.913,134.836,134.76,134.683,134.609,134.534,134.46,134.387,134.313,134.24,134.168,
-0.884897,-0.867524,-0.853086,-0.836642,-0.820957,-0.805696,-0.79113,-0.775177,-0.763471,-0.748906,-0.738937,-0.725832,-0.71549,-0.702282,-0.693088,-0.687402,-0.681028,-0.670402,-0.661302,-0.651927,-0.645964,-0.639419,-0.632494,-0.627278,-0.621998,-0.617354,-0.610214,-0.605011,-0.603426,-0.598463,-0.594002,-0.587049,-0.578331,-0.577254,-0.578298,-0.574512,-0.576436,-0.573114,-0.573316,-0.573841,
2.51965,2.5768,2.65118,2.6548,2.65226,2.65369,2.65591,2.71773,2.72314,2.70306,2.71217,2.66041,2.71573,2.68807,2.75173,2.74193,2.70974,2.70728,2.71207,2.75613,2.73916,2.73091,2.74887,2.73352,2.72763,2.72304,2.70547,2.70676,2.73197,2.7416,2.71968,2.75511,2.72573,2.73752,2.69702,2.70804,2.69948,2.68076,2.68487,2.703,
2.69102,2.69826,2.80408,2.66194,2.64724,2.65652,2.66027,2.83918,2.73342,2.66508,2.72958,2.5619,2.82415,2.63552,2.87455,2.72368,2.64951,2.70258,2.72123,2.83998,2.70763,2.71546,2.78269,2.70491,2.71656,2.71438,2.67222,2.70925,2.78009,2.75973,2.67863,2.82226,2.67115,2.75979,2.62103,2.72918,2.68315,2.64487,2.69283,2.73806,
0.363679,0.347454,0.28876,0.328887,0.313704,0.305217,0.291326,0.319043,0.234139,0.291289,0.199379,0.262105,0.206833,0.26417,0.18388,0.113719,0.127471,0.212528,0.181999,0.187501,0.119261,0.130908,0.138488,0.10432,0.105609,0.0928815,0.142794,0.104067,0.031701,0.0992572,0.0892128,0.139062,0.174351,0.0215406,-0.0208822,0.075729,-0.0384719,0.066439,-0.00403872,-0.010499,
136.469,136.552,136.639,136.728,136.818,136.909,137.003,137.1,137.198,137.298,137.398,137.499,137.601,137.704,137.808,137.914,138.02,138.126,138.233,138.343,138.452,138.562,138.673,138.784,138.896,139.008,139.121,139.235,139.35,139.464,139.577,139.693,139.809,139.924,140.037,140.151,140.265,140.38,140.496,140.612,
137.36,137.262,137.163,137.065,136.969,136.874,136.779,136.685,136.591,136.498,136.408,136.318,136.23,136.143,136.056,135.97,135.886,135.803,135.72,135.638,135.557,135.476,135.396,135.317,135.238,135.159,135.081,135.002,134.924,134.847,134.771,134.694,134.618,134.541,134.467,134.393,134.318,134.243,134.168,134.093,
-0.865912,-0.849461,-0.832445,-0.819667,-0.806604,-0.788819,-0.773534,-0.762435,-0.74889,-0.737454,-0.72422,-0.713558,-0.702619,-0.694043,-0.682475,-0.672478,-0.663373,-0.653911,-0.645974,-0.638437,-0.630816,-0.625264,-0.62043,-0.615611,-0.612356,-0.606014,-0.601729,-0.598097,-0.59477,-0.591639,-0.587149,-0.582721,-0.584876,-0.582347,-0.578928,-0.580627,-0.576808,-0.574671,-0.575942,-0.575983,
2.58434,2.6274,2.65249,2.63425,2.63068,2.67014,2.69741,2.71886,2.724,2.69886,2.70084,2.70955,2.69003,2.71872,2.70895,2.71453,2.69413,2.70567,2.75298,2.70974,2.72485,2.73586,2.73283,2.74453,2.7444,2.74855,2.76663,2.76542,2.75106,2.73236,2.78126,2.78186,2.75852,2.71245,2.7144,2.7324,2.75253,2.75583,2.75591,2.73366,
2.72183,2.71554,2.70258,2.59834,2.62359,2.74879,2.75055,2.76004,2.73375,2.65133,2.70461,2.72624,2.65282,2.77402,2.69043,2.72516,2.65535,2.72787,2.84334,2.62931,2.75365,2.75667,2.72712,2.76654,2.74416,2.75631,2.80034,2.76318,2.72454,2.69755,2.87326,2.78296,2.71579,2.62703,2.7181,2.76663,2.7904,2.76197,2.75606,2.69232,
0.379706,0.32902,0.340308,0.255571,0.261263,0.355692,0.305702,0.221986,0.27089,0.228717,0.264694,0.213223,0.218778,0.171522,0.231367,0.199942,0.182088,0.189258,0.158741,0.150726,0.152427,0.111034,0.096687,0.0963737,0.065095,0.126839,0.085708,0.072649,0.066533,0.062626,0.0897941,0.0885645,-0.0430956,0.0505611,0.0683873,-0.0339699,0.0763727,0.0427328,-0.0254102,-0.000817014,
136.552,136.639,136.728,136.819,136.912,137.007,137.105,137.204,137.305,137.406,137.508,137.612,137.715,137.819,137.925,138.032,138.139,138.247,138.356,138.465,138.575,138.685,138.796,138.908,139.021,139.135,139.25,139.365,139.479,139.592,139.707,139.821,139.935,140.047,140.161,140.275,140.39,140.505,140.619,140.732,
137.262,137.163,137.065,136.968,136.872,136.777,136.682,136.587,136.493,136.402,136.312,136.222,136.135,136.048,135.962,135.876,135.792,135.708,135.625,135.542,135.461,135.381,135.302,135.222,135.143,135.064,134.985,134.907,134.831,134.755,134.679,134.605,134.53,134.455,134.381,134.306,134.231,134.156,134.081,134.007,
-0.849239,-0.834118,-0.818187,-0.800317,-0.787122,-0.772278,-0.761511,-0.748456,-0.735296,-0.723715,-0.711749,-0.704018,-0.693656,-0.683706,-0.673697,-0.668757,-0.660365,-0.65318,-0.645577,-0.635672,-0.628503,-0.622727,-0.61593,-0.611665,-0.604014,-0.603367,-0.596345,-0.59,-0.588468,-0.585063,-0.579695,-0.580215,-0.584511,-0.581386,-0.580334,-0.576979,-0.578567,-0.579799,-0.579784,-0.579181,
2.62618,2.66293,2.6455,2.67013,2.7056,2.71505,2.74483,2.75593,2.72253,2.73457,2.73235,2.70156,2.71112,2.7358,2.73325,2.72304,2.73613,2.74905,2.73759,2.73299,2.71292,2.72666,2.75411,2.75037,2.78757,2.79233,2.76347,2.75029,2.73105,2.73992,2.73261,2.72373,2.69963,2.72075,2.71577,2.75439,2.7493,2.72873,2.70609,2.7129,
2.7118,2.73636,2.6114,2.71882,2.77473,2.73309,2.80142,2.77667,2.66051,2.75736,2.72817,2.64362,2.72942,2.7828,2.72846,2.70384,2.76088,2.77333,2.71623,2.72435,2.67517,2.7528,2.80592,2.74344,2.85687,2.80101,2.71094,2.72592,2.6952,2.75664,2.71891,2.70702,2.65405,2.76122,2.70636,2.82773,2.73984,2.6904,2.66338,2.72591,
0.333465,0.302404,0.318626,0.35741,0.26388,0.296898,0.215324,0.261108,0.263204,0.231617,0.239318,0.154618,0.207247,0.198993,0.200184,0.0987895,0.16784,0.143702,0.152065,0.198097,0.143388,0.11551,0.13595,0.0852976,0.153022,0.0129444,0.140435,0.126898,0.0306463,0.0680842,0.107374,-0.0104104,-0.085909,0.0624888,0.0210469,0.0671093,-0.0317618,-0.0246519,0.000303678,0.0120586,
136.639,136.728,136.818,136.91,137.006,137.104,137.203,137.304,137.405,137.507,137.609,137.712,137.817,137.922,138.027,138.134,138.242,138.351,138.46,138.569,138.677,138.786,138.896,139.006,139.119,139.232,139.345,139.458,139.572,139.686,139.8,139.916,140.03,140.146,140.263,140.379,140.495,140.61,140.724,140.838,
137.163,137.066,136.97,136.876,136.78,136.686,136.591,136.497,136.404,136.314,136.224,136.136,136.048,135.961,135.875,135.79,135.706,135.622,135.54,135.459,135.378,135.299,135.22,135.142,135.064,134.987,134.91,134.833,134.758,134.682,134.608,134.533,134.459,134.385,134.311,134.238,134.165,134.093,134.021,133.95,
-0.830825,-0.814051,-0.797905,-0.78277,-0.770259,-0.759405,-0.751698,-0.740665,-0.727875,-0.720105,-0.708301,-0.699877,-0.692431,-0.681557,-0.674333,-0.662479,-0.653449,-0.647644,-0.641286,-0.636524,-0.62893,-0.622685,-0.615351,-0.606541,-0.602865,-0.597335,-0.59351,-0.586854,-0.582657,-0.577661,-0.576949,-0.57323,-0.569317,-0.565515,-0.559925,-0.560524,-0.559166,-0.561449,-0.561993,-0.564188,
2.6377,2.62577,2.64359,2.70781,2.72157,2.73991,2.76134,2.74454,2.71576,2.72653,2.71429,2.72693,2.7288,2.71672,2.73571,2.73094,2.74884,2.74194,2.71501,2.69834,2.68651,2.70248,2.71064,2.72889,2.7462,2.73464,2.74243,2.72145,2.7332,2.73606,2.74765,2.73327,2.74273,2.76241,2.75124,2.74459,2.7092,2.6928,2.68086,2.70348,
2.66074,2.60209,2.67921,2.83487,2.74781,2.77465,2.80148,2.71345,2.66197,2.74698,2.69119,2.75094,2.73234,2.69395,2.77174,2.72198,2.78254,2.72909,2.66461,2.66666,2.66381,2.73332,2.72626,2.76365,2.77883,2.71306,2.75706,2.68221,2.75544,2.74143,2.76943,2.70645,2.76052,2.79924,2.73057,2.7322,2.64307,2.66153,2.65788,2.74731,
0.36827,0.335486,0.32291,0.302711,0.250216,0.217084,0.154142,0.22066,0.255783,0.155404,0.236088,0.168478,0.14891,0.217485,0.144474,0.237091,0.18059,0.116107,0.127159,0.0952333,0.15188,0.124905,0.146679,0.176197,0.073523,0.1106,0.076507,0.133123,0.0839335,0.0999103,0.0142472,0.0743867,0.0782503,0.0760441,0.111794,-0.0119636,0.027145,-0.045653,-0.0108832,-0.0439027,
136.728,136.818,136.911,137.006,137.104,137.202,137.302,137.402,137.503,137.606,137.709,137.813,137.919,138.027,138.136,138.244,138.354,138.464,138.574,138.685,138.795,138.904,139.014,139.126,139.238,139.352,139.467,139.581,139.694,139.808,139.922,140.037,140.152,140.267,140.382,140.498,140.613,140.729,140.843,140.957,
137.066,136.97,136.874,136.778,136.683,136.589,136.495,136.404,136.313,136.223,136.134,136.046,135.958,135.87,135.785,135.701,135.617,135.534,135.453,135.372,135.292,135.214,135.136,135.058,134.981,134.903,134.826,134.75,134.674,134.599,134.523,134.447,134.373,134.299,134.225,134.152,134.079,134.005,133.933,133.86,
-0.817157,-0.801757,-0.786402,-0.77551,-0.76163,-0.754353,-0.740301,-0.728521,-0.721686,-0.712023,-0.703073,-0.693317,-0.678898,-0.66946,-0.660351,-0.651428,-0.642344,-0.637254,-0.63257,-0.626351,-0.621499,-0.614855,-0.609,-0.602634,-0.597196,-0.594162,-0.590056,-0.587913,-0.586156,-0.584451,-0.582479,-0.575614,-0.571424,-0.566742,-0.566374,-0.56503,-0.565936,-0.566253,-0.569141,-0.572946,
2.63029,2.6638,2.71413,2.73237,2.72322,2.72135,2.72403,2.71499,2.73616,2.7188,2.72657,2.75851,2.78011,2.76056,2.74819,2.76105,2.75481,2.73731,2.75084,2.7042,2.70093,2.69206,2.71709,2.73352,2.75436,2.76509,2.74642,2.72639,2.72574,2.73732,2.75319,2.74836,2.73155,2.72714,2.73666,2.73966,2.73596,2.71061,2.69697,2.69729,
2.61558,2.73061,2.81256,2.76704,2.70602,2.71781,2.72909,2.6979,2.7764,2.6862,2.74131,2.81881,2.82016,2.72474,2.72528,2.78502,2.74327,2.70479,2.77624,2.61733,2.69468,2.67507,2.76526,2.7647,2.79355,2.78503,2.71192,2.689,2.72452,2.75918,2.78298,2.73936,2.70022,2.71883,2.75462,2.74529,2.72902,2.663,2.671,2.69789,
0.27336,0.307995,0.307113,0.217842,0.277588,0.145547,0.281038,0.235588,0.136714,0.193263,0.178998,0.195108,0.28838,0.188759,0.182192,0.178454,0.181684,0.1018,0.0936798,0.124376,0.097045,0.132876,0.117108,0.127309,0.108753,0.0606971,0.0821156,0.0428637,0.0351275,0.0341046,0.0394403,0.1373,0.0838107,0.0936324,0.00735253,0.0268785,-0.0181104,-0.00635296,-0.057746,-0.0761034,
136.818,136.91,137.005,137.101,137.2,137.3,137.401,137.503,137.607,137.712,137.816,137.922,138.029,138.137,138.245,138.354,138.464,138.576,138.687,138.798,138.909,139.02,139.131,139.244,139.355,139.468,139.581,139.695,139.809,139.924,140.04,140.155,140.271,140.388,140.505,140.622,140.738,140.853,140.967,141.08,
136.97,136.874,136.78,136.685,136.59,136.497,136.405,136.314,136.223,136.133,136.045,135.958,135.872,135.787,135.703,135.62,135.538,135.456,135.375,135.295,135.216,135.138,135.06,134.983,134.907,134.831,134.755,134.68,134.605,134.53,134.454,134.38,134.305,134.23,134.155,134.08,134.006,133.932,133.858,133.785,
-0.802505,-0.787894,-0.775581,-0.761993,-0.752564,-0.739822,-0.726606,-0.718203,-0.710283,-0.70015,-0.689335,-0.676849,-0.667681,-0.661384,-0.651143,-0.639701,-0.633392,-0.629807,-0.624138,-0.61732,-0.613479,-0.607805,-0.600534,-0.59869,-0.596125,-0.589082,-0.586375,-0.580548,-0.579085,-0.577193,-0.573442,-0.570313,-0.569795,-0.57065,-0.570944,-0.571546,-0.570559,-0.573131,-0.571993,-0.571856,
2.6574,2.67938,2.70587,2.739,2.73043,2.73257,2.74155,2.75665,2.76998,2.72526,2.72419,2.75055,2.74511,2.73722,2.74578,2.75427,2.77357,2.7448,2.72636,2.72802,2.72485,2.71103,2.72455,2.69984,2.72008,2.73118,2.72555,2.73197,2.74274,2.76057,2.75426,2.75244,2.77711,2.77731,2.78558,2.75514,2.72953,2.71028,2.70143,2.72339,
2.71144,2.72253,2.75724,2.80228,2.71436,2.7366,2.75844,2.78493,2.79474,2.64284,2.72218,2.80036,2.73497,2.72249,2.76186,2.77011,2.80946,2.69188,2.6919,2.73117,2.71887,2.68491,2.75029,2.65313,2.75887,2.75222,2.71495,2.7441,2.76301,2.79393,2.74257,2.74904,2.82303,2.77767,2.80076,2.69954,2.68195,2.674,2.68456,2.76543,
0.293043,0.292214,0.246269,0.271745,0.188583,0.254844,0.26433,0.168048,0.158397,0.202659,0.216308,0.249713,0.183364,0.125945,0.204827,0.228825,0.12618,0.0717018,0.113378,0.136368,0.0768142,0.113477,0.145428,0.0368832,0.0512908,0.140873,0.054132,0.116536,0.029261,0.0378337,0.0750393,0.0625681,0.0103624,-0.0171024,-0.00587216,-0.0120428,0.0197401,-0.051447,0.0227671,0.00274377,
136.91,137.005,137.101,137.2,137.3,137.402,137.504,137.607,137.711,137.814,137.918,138.024,138.131,138.24,138.349,138.459,138.569,138.68,138.792,138.902,139.013,139.124,139.236,139.349,139.463,139.578,139.692,139.807,139.923,140.039,140.156,140.272,140.387,140.503,140.621,140.737,140.852,140.966,141.08,141.196,
136.874,136.779,136.684,136.589,136.495,136.403,136.312,136.222,136.132,136.045,135.96,135.875,135.79,135.705,135.622,135.539,135.457,135.376,135.295,135.217,135.139,135.061,134.984,134.907,134.83,134.753,134.677,134.601,134.525,134.449,134.372,134.297,134.224,134.149,134.075,134.001,133.928,133.856,133.784,133.711,
-0.790692,-0.776361,-0.764264,-0.754731,-0.740791,-0.725204,-0.718425,-0.709964,-0.701066,-0.687961,-0.677356,-0.668655,-0.661213,-0.653071,-0.644641,-0.638958,-0.632842,-0.626194,-0.618158,-0.615429,-0.610683,-0.602157,-0.597571,-0.593706,-0.590981,-0.587586,-0.581444,-0.58173,-0.581607,-0.577593,-0.572973,-0.571235,-0.568497,-0.565397,-0.564033,-0.565054,-0.56395,-0.561752,-0.564467,-0.561948,
2.69423,2.70007,2.74208,2.74985,2.74047,2.73401,2.73618,2.74613,2.70001,2.69957,2.71208,2.73613,2.74908,2.737,2.75395,2.76141,2.74266,2.75613,2.71784,2.70079,2.71237,2.72091,2.74044,2.74233,2.76182,2.74697,2.74809,2.78207,2.77896,2.78969,2.76856,2.72935,2.76102,2.78685,2.74682,2.72161,2.70523,2.69611,2.73844,2.74395,
2.76653,2.71131,2.82257,2.76438,2.72299,2.72191,2.74027,2.7648,2.6139,2.69872,2.73607,2.78189,2.77339,2.71449,2.78576,2.77529,2.70795,2.78131,2.64675,2.66844,2.73455,2.73717,2.77743,2.74586,2.79829,2.71949,2.75017,2.84546,2.77326,2.80937,2.73005,2.65705,2.82072,2.83468,2.67375,2.67456,2.67423,2.67868,2.81974,2.75428,
0.23625,0.286635,0.241934,0.19065,0.278816,0.311737,0.135584,0.169215,0.177961,0.262085,0.212111,0.174021,0.148847,0.162823,0.168602,0.113662,0.122327,0.132955,0.160719,0.0545785,0.0949237,0.170512,0.0917363,0.077284,0.0545085,0.067904,0.122841,-0.00571769,0.00245995,0.0802776,0.0923924,0.0347547,0.0547742,0.0619929,0.0272801,-0.0204109,0.0220649,0.0439669,-0.0543008,0.0503757,
137.005,137.102,137.201,137.302,137.404,137.506,137.609,137.713,137.817,137.922,138.028,138.136,138.244,138.353,138.463,138.574,138.687,138.801,138.913,139.025,139.136,139.248,139.36,139.473,139.588,139.703,139.818,139.933,140.05,140.167,140.284,140.4,140.516,140.632,140.749,140.866,140.982,141.098,141.215,141.332,
136.779,136.684,136.588,136.494,136.401,136.31,136.22,136.131,136.044,135.958,135.872,135.787,135.703,135.621,135.539,135.457,135.375,135.293,135.213,135.135,135.057,134.98,134.904,134.829,134.752,134.676,134.6,134.525,134.449,134.373,134.298,134.224,134.151,134.078,134.004,133.931,133.858,133.785,133.711,133.637,
-0.774804,-0.765283,-0.753702,-0.740125,-0.728346,-0.718357,-0.706362,-0.696627,-0.685495,-0.679176,-0.667924,-0.658584,-0.648885,-0.642964,-0.635898,-0.629387,-0.622533,-0.615595,-0.613455,-0.610044,-0.601318,-0.595369,-0.588562,-0.586719,-0.585494,-0.582357,-0.579707,-0.579231,-0.575273,-0.56948,-0.565586,-0.56247,-0.563091,-0.559823,-0.559856,-0.56001,-0.563058,-0.565049,-0.563347,-0.562951,
2.72135,2.74416,2.76581,2.75175,2.73345,2.73863,2.7475,2.71481,2.71119,2.72437,2.73994,2.74865,2.7341,2.73747,2.75827,2.79459,2.80489,2.75638,2.73195,2.71521,2.7061,2.71735,2.71543,2.75836,2.75809,2.75355,2.7569,2.77638,2.78918,2.78064,2.753,2.73815,2.75823,2.76457,2.74232,2.75654,2.74083,2.75713,2.78328,2.77027,
2.77348,2.78736,2.80626,2.7258,2.69939,2.74836,2.76412,2.65381,2.70432,2.74948,2.76937,2.76495,2.70697,2.7438,2.79731,2.86193,2.82361,2.6687,2.68659,2.68371,2.68879,2.73883,2.71178,2.83992,2.7576,2.74512,2.76314,2.81253,2.81267,2.76509,2.70235,2.71052,2.7959,2.77633,2.7012,2.78316,2.71165,2.78767,2.8318,2.74648,
0.317775,0.190422,0.231608,0.271535,0.235579,0.199795,0.239887,0.194715,0.222633,0.126384,0.225038,0.186805,0.193963,0.118424,0.141324,0.130217,0.137081,0.138755,0.0428174,0.0682075,0.17452,0.118976,0.136141,0.036873,0.0245016,0.06273,0.052996,0.00952831,0.0791504,0.115863,0.0778769,0.0623359,-0.0124206,0.065344,-0.000641323,-0.00308402,-0.0609732,-0.0398059,0.0340324,0.00792954,
137.102,137.2,137.3,137.4,137.502,137.605,137.709,137.813,137.919,138.025,138.132,138.24,138.349,138.458,138.568,138.68,138.792,138.903,139.014,139.126,139.237,139.348,139.46,139.572,139.685,139.798,139.911,140.025,140.142,140.258,140.374,140.49,140.606,140.723,140.839,140.954,141.069,141.184,141.3,141.415,
136.684,136.589,136.496,136.404,136.313,136.223,136.133,136.046,135.959,135.872,135.786,135.701,135.618,135.535,135.452,135.369,135.287,135.207,135.127,135.048,134.97,134.893,134.817,134.741,134.665,134.589,134.514,134.438,134.362,134.287,134.213,134.139,134.064,133.989,133.916,133.842,133.768,133.694,133.62,133.546,
-0.765042,-0.754665,-0.740304,-0.729729,-0.719081,-0.708184,-0.699552,-0.690983,-0.684413,-0.674094,-0.66563,-0.65651,-0.649555,-0.643447,-0.63884,-0.632664,-0.625747,-0.622544,-0.617216,-0.609906,-0.60469,-0.598984,-0.596304,-0.593502,-0.591924,-0.587567,-0.583179,-0.578457,-0.571756,-0.571514,-0.569727,-0.569826,-0.567614,-0.566533,-0.570479,-0.570246,-0.571853,-0.569972,-0.56852,-0.570359,
2.7192,2.72869,2.71857,2.7329,2.74343,2.7461,2.71237,2.73595,2.74903,2.74953,2.74508,2.74317,2.74368,2.74779,2.78468,2.76949,2.75198,2.7241,2.74322,2.72085,2.69815,2.70703,2.71552,2.71932,2.71931,2.71498,2.74352,2.77838,2.76476,2.75113,2.75495,2.76959,2.77734,2.73332,2.74882,2.7267,2.73417,2.75189,2.74116,2.72949,
2.71513,2.74668,2.69949,2.76007,2.76325,2.75108,2.64938,2.78082,2.77361,2.75044,2.73679,2.7396,2.74463,2.75548,2.8535,2.74174,2.7197,2.67221,2.77937,2.679,2.65517,2.72405,2.73172,2.72655,2.71929,2.70678,2.79776,2.84356,2.73978,2.72595,2.76204,2.79681,2.79161,2.65255,2.77796,2.68545,2.74829,2.78519,2.7212,2.70762,
0.195227,0.207547,0.287214,0.211515,0.212948,0.217935,0.172643,0.171393,0.13138,0.206397,0.169277,0.182392,0.139113,0.122149,0.0921495,0.123518,0.138336,0.0640609,0.106547,0.146212,0.104318,0.114114,0.0536045,0.0560358,0.0315626,0.0871355,0.0877594,0.0944392,0.134035,0.00484257,0.035731,-0.00197829,0.0442395,0.0216129,-0.0789041,0.00465976,-0.0321513,0.0376204,0.0290452,-0.0367891,
137.2,137.299,137.399,137.501,137.603,137.708,137.812,137.918,138.026,138.134,138.242,138.352,138.461,138.572,138.684,138.797,138.909,139.02,139.131,139.243,139.353,139.465,139.576,139.689,139.801,139.914,140.028,140.142,140.258,140.373,140.489,140.605,140.721,140.838,140.954,141.069,141.184,141.301,141.417,141.533,
136.589,136.496,136.404,136.313,136.224,136.134,136.047,135.96,135.872,135.787,135.703,135.62,135.538,135.457,135.375,135.294,135.215,135.137,135.059,134.982,134.906,134.83,134.756,134.68,134.605,134.532,134.458,134.384,134.31,134.237,134.164,134.091,134.017,133.944,133.872,133.8,133.728,133.656,133.585,133.514,
-0.756119,-0.742326,-0.731042,-0.719584,-0.707977,-0.69617,-0.688245,-0.678756,-0.669479,-0.658718,-0.649801,-0.640762,-0.635111,-0.630364,-0.621076,-0.617568,-0.614199,-0.608172,-0.604554,-0.598882,-0.597573,-0.59273,-0.590744,-0.586644,-0.580657,-0.575083,-0.571091,-0.567441,-0.565671,-0.564407,-0.564201,-0.564919,-0.558412,-0.557409,-0.555672,-0.556289,-0.553359,-0.550932,-0.549117,-0.548574,
2.71889,2.71348,2.72645,2.72655,2.74842,2.71224,2.75614,2.77676,2.74538,2.73891,2.75302,2.73657,2.75204,2.77764,2.77812,2.74265,2.70944,2.71747,2.70528,2.67954,2.70311,2.68117,2.70543,2.70664,2.68933,2.7146,2.73033,2.73506,2.74141,2.73798,2.73204,2.75333,2.75721,2.73417,2.71398,2.71807,2.73772,2.71548,2.73936,2.75866,
2.71832,2.70322,2.75113,2.72674,2.7897,2.64477,2.83967,2.81506,2.68777,2.72682,2.77947,2.70597,2.78107,2.8253,2.779,2.67758,2.6473,2.73277,2.68215,2.63036,2.74882,2.63919,2.75242,2.70896,2.65627,2.76332,2.76022,2.74398,2.75335,2.73156,2.72088,2.7934,2.76443,2.69142,2.67603,2.72583,2.77499,2.67375,2.78472,2.79484,
0.178459,0.275867,0.225687,0.229156,0.232131,0.236138,0.158502,0.189795,0.185542,0.21521,0.178341,0.180773,0.113024,0.0949379,0.185775,0.0701542,0.0673862,0.120528,0.0723675,0.113437,0.026182,0.0968496,0.0397329,0.081995,0.119746,0.111469,0.0798478,0.0729994,0.0354059,0.0252719,0.00411842,-0.0143577,0.130148,0.0200487,0.0347391,-0.0123414,0.0586135,0.048528,0.0363123,0.0108597,
137.299,137.399,137.5,137.601,137.705,137.808,137.914,138.02,138.127,138.235,138.344,138.452,138.562,138.673,138.784,138.895,139.006,139.118,139.229,139.34,139.452,139.563,139.676,139.789,139.903,140.017,140.133,140.248,140.363,140.478,140.593,140.709,140.824,140.94,141.055,141.17,141.288,141.404,141.52,141.637,
136.496,136.404,136.314,136.225,136.136,136.049,135.963,135.877,135.791,135.706,135.623,135.541,135.458,135.377,135.297,135.217,135.139,135.06,134.983,134.906,134.831,134.755,134.68,134.606,134.532,134.458,134.384,134.311,134.237,134.164,134.091,134.018,133.945,133.873,133.802,133.73,133.658,133.586,133.514,133.441,
-0.74332,-0.729807,-0.719256,-0.709385,-0.699402,-0.68843,-0.680761,-0.674019,-0.664931,-0.655241,-0.647931,-0.642131,-0.633824,-0.625863,-0.621215,-0.616018,-0.613346,-0.60744,-0.600992,-0.597318,-0.592671,-0.588043,-0.583004,-0.576501,-0.573552,-0.569066,-0.568394,-0.567956,-0.566101,-0.566424,-0.563324,-0.559992,-0.558766,-0.552933,-0.556703,-0.555056,-0.55329,-0.553014,-0.554554,-0.553573,
2.72043,2.69467,2.70469,2.7265,2.70012,2.73455,2.73389,2.7401,2.73986,2.74065,2.72628,2.74914,2.74448,2.74322,2.73185,2.71297,2.7363,2.71875,2.69303,2.69661,2.69135,2.70397,2.71498,2.70834,2.71231,2.7529,2.73141,2.73431,2.71745,2.73633,2.73334,2.72771,2.72053,2.70722,2.72436,2.75542,2.73773,2.73106,2.75509,2.7594,
2.72333,2.64589,2.72394,2.76818,2.65034,2.80052,2.73266,2.75177,2.7394,2.74213,2.69937,2.79231,2.73578,2.74086,2.71057,2.67745,2.78069,2.68578,2.64426,2.7035,2.68125,2.72827,2.73603,2.69573,2.71988,2.83014,2.69142,2.73977,2.68576,2.77216,2.72773,2.7171,2.70699,2.68202,2.75708,2.81413,2.70486,2.71856,2.80033,2.7674,
0.25598,0.270264,0.21103,0.197406,0.199668,0.21944,0.153376,0.134845,0.181751,0.193816,0.146186,0.116,0.166145,0.159218,0.0929577,0.103944,0.0534421,0.11813,0.12895,0.0734788,0.0929352,0.0925589,0.100795,0.13005,0.0589893,0.0897055,0.013454,0.00874933,0.0371008,-0.00645867,0.0619955,0.0666406,0.0245256,0.116665,-0.0753964,0.0329235,0.0353368,0.00551537,-0.0308137,0.0196343,
137.399,137.5,137.602,137.707,137.813,137.918,138.024,138.131,138.239,138.348,138.456,138.566,138.677,138.788,138.9,139.012,139.125,139.238,139.351,139.464,139.577,139.693,139.808,139.923,140.038,140.153,140.268,140.384,140.5,140.616,140.733,140.85,140.966,141.083,141.198,141.314,141.431,141.547,141.663,141.78,
136.404,136.314,136.224,136.135,136.046,135.959,135.873,135.789,135.705,135.622,135.541,135.459,135.378,135.298,135.218,135.139,135.06,134.981,134.904,134.828,134.751,134.674,134.597,134.521,134.446,134.372,134.298,134.223,134.15,134.077,134.004,133.932,133.86,133.788,133.717,133.645,133.573,133.502,133.431,133.359,
-0.732106,-0.720172,-0.705256,-0.698782,-0.690274,-0.679314,-0.669401,-0.660281,-0.650576,-0.643723,-0.638194,-0.631257,-0.62449,-0.619328,-0.61495,-0.612001,-0.605441,-0.600045,-0.597967,-0.593564,-0.590228,-0.588156,-0.581084,-0.57773,-0.574032,-0.572684,-0.568979,-0.564987,-0.562202,-0.557373,-0.554325,-0.551405,-0.553392,-0.554791,-0.552399,-0.551451,-0.550575,-0.552779,-0.548775,-0.549959,
2.6953,2.71536,2.76082,2.76675,2.7388,2.72716,2.7246,2.73072,2.73715,2.71042,2.73233,2.74039,2.74429,2.74303,2.75841,2.76377,2.75062,2.7197,2.7302,2.74952,2.77403,2.77637,2.75699,2.72745,2.74761,2.74017,2.7497,2.73481,2.75637,2.74474,2.75036,2.74045,2.73858,2.71482,2.72436,2.73578,2.73033,2.72222,2.74247,2.75594,
2.64771,2.75389,2.84719,2.77775,2.6872,2.70533,2.71976,2.74229,2.74926,2.66025,2.77407,2.75556,2.75161,2.74067,2.78717,2.7737,2.7263,2.66211,2.75009,2.78592,2.8197,2.78069,2.72141,2.67261,2.78567,2.72629,2.76755,2.70706,2.7969,2.72313,2.76087,2.72199,2.73509,2.67026,2.74248,2.75736,2.72012,2.70694,2.78078,2.78116,
0.224293,0.23868,0.298318,0.129481,0.170149,0.21921,0.198256,0.182407,0.194082,0.137067,0.110589,0.138724,0.13534,0.103248,0.0875558,0.0589924,0.131199,0.10791,0.0415713,0.0880464,0.0667332,0.0414268,0.141454,0.0670699,0.0739742,0.0269563,0.0740947,0.079835,0.0557131,0.0965757,0.0609575,0.0583934,-0.0397423,-0.0279817,0.0478427,0.0189658,0.0175106,-0.0440745,0.0800786,-0.023668,
137.5,137.602,137.706,137.811,137.915,138.021,138.127,138.233,138.342,138.45,138.56,138.671,138.782,138.894,139.005,139.116,139.229,139.342,139.456,139.571,139.685,139.8,139.916,140.031,140.147,140.262,140.376,140.492,140.607,140.724,140.84,140.955,141.071,141.186,141.303,141.419,141.535,141.651,141.768,141.885,
136.314,136.224,136.135,136.047,135.961,135.876,135.791,135.707,135.624,135.542,135.46,135.378,135.297,135.217,135.138,135.06,134.982,134.905,134.828,134.75,134.674,134.597,134.52,134.445,134.37,134.294,134.22,134.146,134.072,133.998,133.924,133.851,133.778,133.704,133.631,133.557,133.485,133.412,133.339,133.266,
-0.720364,-0.707399,-0.698608,-0.689806,-0.680509,-0.673617,-0.665416,-0.656375,-0.646853,-0.640581,-0.636092,-0.628349,-0.621518,-0.617662,-0.611286,-0.605239,-0.600585,-0.596183,-0.592833,-0.589826,-0.589767,-0.583344,-0.579608,-0.578239,-0.577613,-0.576162,-0.571237,-0.569694,-0.565763,-0.566148,-0.565813,-0.565434,-0.566045,-0.562912,-0.56176,-0.559973,-0.559839,-0.558491,-0.559739,-0.561755,
2.71849,2.74665,2.73866,2.70996,2.70736,2.71772,2.70697,2.73068,2.72814,2.74187,2.7405,2.76525,2.73408,2.7354,2.71865,2.73803,2.73672,2.75427,2.77167,2.75152,2.76365,2.77728,2.74873,2.7668,2.75005,2.73304,2.73949,2.74567,2.75618,2.75715,2.73664,2.72669,2.74136,2.76153,2.74832,2.73869,2.72852,2.75081,2.77289,2.77865,
2.76304,2.80004,2.72376,2.65613,2.7024,2.7375,2.68657,2.77595,2.72334,2.76776,2.73793,2.81163,2.67648,2.7379,2.68717,2.77478,2.73427,2.78721,2.80402,2.71442,2.78624,2.80247,2.69634,2.8005,2.71914,2.70135,2.75163,2.75723,2.77583,2.75893,2.6986,2.70802,2.76904,2.7993,2.72386,2.72072,2.70946,2.79283,2.81401,2.78926,
0.234841,0.259299,0.175807,0.176052,0.185927,0.137842,0.164019,0.18082,0.190439,0.125457,0.0897705,0.154861,0.136624,0.0771201,0.127522,0.120938,0.0930834,0.0880332,0.0669954,0.0601412,0.00118806,0.128446,0.074729,0.0273804,0.0125138,0.0290195,0.0985086,0.030864,0.0786049,-0.00768963,0.00670682,0.00756635,-0.0122166,0.0626708,0.0230357,0.0357414,0.00268104,0.0269483,-0.0249598,-0.0403194,
137.602,137.705,137.81,137.915,138.022,138.13,138.237,138.346,138.455,138.564,138.675,138.786,138.896,139.008,139.121,139.234,139.346,139.458,139.571,139.684,139.798,139.914,140.029,140.144,140.259,140.372,140.488,140.603,140.718,140.833,140.95,141.066,141.182,141.299,141.415,141.532,141.65,141.766,141.883,142.001,
136.224,136.136,136.048,135.961,135.874,135.788,135.704,135.621,135.54,135.458,135.377,135.297,135.218,135.138,135.059,134.981,134.905,134.828,134.752,134.675,134.599,134.523,134.448,134.374,134.3,134.228,134.156,134.083,134.011,133.94,133.868,133.797,133.725,133.654,133.583,133.511,133.439,133.367,133.296,133.224,
-0.707084,-0.699049,-0.69212,-0.683747,-0.670983,-0.662461,-0.653379,-0.6434,-0.637157,-0.632585,-0.628088,-0.621311,-0.617315,-0.60936,-0.605157,-0.601835,-0.597311,-0.5963,-0.590866,-0.589312,-0.583451,-0.577684,-0.57272,-0.568024,-0.56602,-0.561372,-0.561095,-0.559481,-0.55545,-0.552362,-0.549379,-0.551118,-0.549736,-0.549539,-0.550365,-0.550426,-0.549004,-0.547476,-0.550631,-0.550593,
2.72746,2.7374,2.73013,2.75464,2.75399,2.71587,2.7407,2.71891,2.72447,2.74637,2.74212,2.72113,2.7457,2.75024,2.73705,2.71764,2.71553,2.73032,2.73194,2.74309,2.7648,2.74611,2.74493,2.72319,2.69261,2.72096,2.72896,2.71826,2.7063,2.73204,2.72576,2.73005,2.73344,2.73743,2.74642,2.75098,2.7323,2.74671,2.76056,2.76634,
2.74446,2.75616,2.7165,2.80081,2.75279,2.64499,2.78785,2.67812,2.73502,2.78777,2.73417,2.68185,2.79224,2.75872,2.71248,2.6812,2.71153,2.75841,2.73499,2.76409,2.80541,2.71156,2.74273,2.68256,2.63477,2.77551,2.74413,2.69806,2.68364,2.78118,2.71395,2.73816,2.73981,2.74494,2.76328,2.7595,2.6975,2.77383,2.78642,2.77704,
0.265586,0.160703,0.138584,0.167466,0.255272,0.170447,0.181629,0.199582,0.124862,0.0914382,0.0899464,0.13553,0.0799329,0.159101,0.0840569,0.066443,0.0904682,0.0202164,0.108686,0.0310823,0.11721,0.115344,0.0992824,0.0939312,0.0400729,0.0929639,0.00553301,0.032276,0.0806176,0.0617736,0.059658,-0.0347773,0.0276426,0.00392804,-0.0165163,-0.00121268,0.0284309,0.0305539,-0.0630902,0.000762995,
137.705,137.81,137.915,138.023,138.131,138.239,138.347,138.457,138.566,138.677,138.788,138.899,139.011,139.124,139.237,139.351,139.465,139.58,139.695,139.812,139.928,140.043,140.159,140.274,140.389,140.506,140.622,140.738,140.854,140.971,141.088,141.205,141.321,141.437,141.554,141.67,141.788,141.906,142.023,142.14,
136.136,136.048,135.961,135.874,135.789,135.705,135.621,135.539,135.458,135.376,135.296,135.215,135.136,135.056,134.978,134.9,134.822,134.744,134.667,134.59,134.513,134.439,134.364,134.29,134.217,134.143,134.07,133.998,133.926,133.855,133.784,133.712,133.642,133.572,133.501,133.43,133.36,133.289,133.219,133.149,
-0.699232,-0.688851,-0.678707,-0.669084,-0.661842,-0.654152,-0.645546,-0.639396,-0.634842,-0.628005,-0.623756,-0.619196,-0.611588,-0.60843,-0.603206,-0.59825,-0.59289,-0.588089,-0.586033,-0.582849,-0.576862,-0.572327,-0.568289,-0.567481,-0.563292,-0.56224,-0.556172,-0.551874,-0.549024,-0.547074,-0.547185,-0.545939,-0.545002,-0.545057,-0.544096,-0.539337,-0.539915,-0.540855,-0.54038,-0.541376,
2.73624,2.72577,2.76024,2.76289,2.73227,2.73616,2.73123,2.73495,2.75418,2.73288,2.75202,2.73723,2.7727,2.75144,2.75731,2.75576,2.77501,2.78104,2.79049,2.79558,2.73553,2.74902,2.74261,2.73445,2.75868,2.73987,2.73666,2.72246,2.75152,2.73093,2.74984,2.6971,2.71731,2.73095,2.73065,2.74489,2.74132,2.72693,2.72459,2.72335,
2.75282,2.7061,2.82534,2.76781,2.67562,2.74347,2.72199,2.74196,2.79032,2.69327,2.78804,2.70969,2.83927,2.71233,2.76825,2.75287,2.81078,2.79212,2.8078,2.80485,2.62645,2.77436,2.73065,2.71919,2.80423,2.70498,2.73066,2.69579,2.80652,2.6926,2.78544,2.59881,2.7561,2.75685,2.73007,2.77171,2.73466,2.69997,2.72019,2.721,
0.157043,0.20763,0.202865,0.192474,0.144828,0.1538,0.172134,0.122999,0.0910728,0.136732,0.0849792,0.0912161,0.152161,0.0631421,0.104493,0.0991254,0.107187,0.0960206,0.0411221,0.0636765,0.119738,0.0907101,0.08075,0.0161567,0.0837933,0.0210433,0.121351,0.0859606,0.0570002,0.0389941,-0.00221233,0.0249101,0.0187533,-0.00110895,0.0192208,0.0951769,-0.011552,-0.0187951,0.0094994,-0.0199282,
137.81,137.916,138.024,138.132,138.241,138.35,138.459,138.569,138.68,138.79,138.901,139.012,139.124,139.238,139.352,139.467,139.582,139.699,139.815,139.931,140.046,140.162,140.279,140.395,140.511,140.627,140.743,140.858,140.974,141.09,141.207,141.324,141.44,141.558,141.674,141.792,141.908,142.025,142.142,142.26,
136.048,135.96,135.874,135.788,135.704,135.62,135.538,135.456,135.375,135.294,135.214,135.135,135.056,134.976,134.897,134.819,134.74,134.662,134.585,134.508,134.433,134.359,134.285,134.21,134.137,134.064,133.991,133.92,133.848,133.777,133.704,133.633,133.562,133.491,133.419,133.348,133.278,133.206,133.135,133.063,
-0.688112,-0.676972,-0.667539,-0.661481,-0.651859,-0.646157,-0.640115,-0.636626,-0.630904,-0.624252,-0.621772,-0.613799,-0.610511,-0.605347,-0.598918,-0.596328,-0.589849,-0.587141,-0.583596,-0.577448,-0.570333,-0.567529,-0.568392,-0.562772,-0.562755,-0.560108,-0.554953,-0.553139,-0.553375,-0.552089,-0.54892,-0.547008,-0.548023,-0.547432,-0.543787,-0.545997,-0.547101,-0.548873,-0.546573,-0.546773,
2.74497,2.7723,2.75568,2.75264,2.7488,2.73608,2.73186,2.75663,2.73324,2.73477,2.72272,2.74619,2.77258,2.77855,2.77943,2.79648,2.80073,2.79384,2.78825,2.73585,2.75892,2.76812,2.76138,2.74734,2.73465,2.74372,2.71213,2.72656,2.71644,2.75663,2.7228,2.73294,2.7498,2.73623,2.74427,2.72653,2.73467,2.74382,2.76566,2.75947,
2.76136,2.82336,2.7251,2.74699,2.74167,2.71235,2.72395,2.80326,2.68982,2.73764,2.70007,2.79059,2.82187,2.78954,2.78104,2.82774,2.80844,2.78136,2.77809,2.64028,2.80225,2.78517,2.74894,2.72134,2.71097,2.76076,2.65308,2.75401,2.69733,2.83295,2.65998,2.75213,2.78151,2.71096,2.75936,2.69336,2.75005,2.761,2.80651,2.74802,
0.222394,0.222811,0.188658,0.121151,0.192451,0.114031,0.120854,0.0697762,0.114444,0.133037,0.049594,0.159467,0.065748,0.103279,0.128579,0.0518097,0.12958,0.054167,0.0708834,0.122969,0.142295,0.056085,-0.0172679,0.112413,0.000339816,0.0529351,0.103091,0.0362863,-0.00471197,0.0257216,0.0633648,0.0382473,-0.0202913,0.011816,0.0729076,-0.0442037,-0.0220778,-0.0354463,0.0460021,-0.00400396,
137.916,138.024,138.132,138.242,138.35,138.459,138.57,138.681,138.793,138.904,139.017,139.132,139.247,139.362,139.478,139.593,139.707,139.822,139.938,140.053,140.169,140.284,140.4,140.514,140.63,140.745,140.86,140.976,141.091,141.207,141.323,141.44,141.557,141.674,141.791,141.907,142.023,142.14,142.259,142.376,
135.96,135.874,135.788,135.703,135.62,135.538,135.456,135.374,135.293,135.212,135.132,135.052,134.972,134.892,134.814,134.736,134.66,134.584,134.508,134.433,134.359,134.285,134.212,134.139,134.066,133.993,133.921,133.85,133.778,133.707,133.636,133.565,133.494,133.424,133.354,133.284,133.214,133.144,133.074,133.003,
-0.677387,-0.668131,-0.661169,-0.651803,-0.646064,-0.638427,-0.635288,-0.63035,-0.624297,-0.617932,-0.61139,-0.608047,-0.602125,-0.596725,-0.592446,-0.589757,-0.585686,-0.579862,-0.573853,-0.569696,-0.568066,-0.568172,-0.56678,-0.56373,-0.562227,-0.558644,-0.555571,-0.55407,-0.553111,-0.548418,-0.547041,-0.543949,-0.540193,-0.539631,-0.540155,-0.53895,-0.539436,-0.537772,-0.541072,-0.542716,
2.7561,2.7681,2.77143,2.73478,2.73496,2.74883,2.77227,2.75607,2.75271,2.77186,2.79739,2.8023,2.80019,2.79128,2.77066,2.75097,2.75961,2.77069,2.75041,2.73548,2.74586,2.73989,2.7164,2.73855,2.71779,2.71848,2.71677,2.70853,2.72949,2.7265,2.72748,2.7358,2.72523,2.72546,2.72125,2.70472,2.73059,2.75492,2.74316,2.75303,
2.7769,2.79037,2.77757,2.66731,2.73529,2.77489,2.81598,2.72626,2.74645,2.8075,2.84437,2.81121,2.79638,2.77512,2.73312,2.7147,2.77571,2.79122,2.71305,2.70768,2.76536,2.72873,2.67238,2.7806,2.67886,2.71979,2.71352,2.69289,2.76946,2.72088,2.72931,2.7515,2.70539,2.72588,2.7133,2.67342,2.78003,2.80076,2.7213,2.77148,
0.214501,0.185138,0.139227,0.187332,0.11477,0.152738,0.0627854,0.0987561,0.121069,0.127287,0.130855,0.0668444,0.11844,0.107998,0.0855918,0.0537712,0.0814319,0.116467,0.120179,0.0831507,0.0325977,-0.00212357,0.0278375,0.0609955,0.0300587,0.0716589,0.0614748,0.0300176,0.0191818,0.0938547,0.0275387,0.0618359,0.0751278,0.0112453,-0.0104859,0.0240991,-0.00971895,0.0332711,-0.0659993,-0.0328708,
138.024,138.131,138.24,138.348,138.458,138.568,138.679,138.79,138.905,139.02,139.135,139.25,139.366,139.481,139.596,139.71,139.824,139.938,140.052,140.167,140.283,140.399,140.514,140.63,140.747,140.863,140.979,141.094,141.209,141.325,141.44,141.555,141.671,141.788,141.905,142.022,142.139,142.257,142.374,142.493,
135.874,135.789,135.704,135.621,135.539,135.457,135.376,135.294,135.213,135.132,135.052,134.973,134.896,134.819,134.743,134.669,134.595,134.521,134.449,134.376,134.303,134.23,134.158,134.085,134.013,133.942,133.871,133.8,133.729,133.659,133.589,133.519,133.449,133.379,133.308,133.238,133.167,133.095,133.025,132.953,
-0.670494,-0.660844,-0.653206,-0.645235,-0.638054,-0.635203,-0.62945,-0.619227,-0.610677,-0.605905,-0.599959,-0.592303,-0.587238,-0.583203,-0.578153,-0.574881,-0.571757,-0.568174,-0.564466,-0.563181,-0.562712,-0.558987,-0.556179,-0.553977,-0.55285,-0.550755,-0.549403,-0.549365,-0.550226,-0.546247,-0.545839,-0.542648,-0.540364,-0.540533,-0.543711,-0.543864,-0.542437,-0.542488,-0.543212,-0.541469,
2.75023,2.75403,2.72883,2.73388,2.74569,2.75559,2.76184,2.81312,2.80955,2.79962,2.79203,2.78866,2.76901,2.74873,2.72924,2.71605,2.71268,2.70279,2.71234,2.74831,2.73832,2.72382,2.73633,2.73275,2.72992,2.72044,2.70233,2.70207,2.70838,2.69235,2.70078,2.70672,2.73038,2.73196,2.7236,2.74809,2.75826,2.7285,2.76863,2.7386,
2.73931,2.76111,2.68198,2.74341,2.76788,2.77409,2.77346,2.90804,2.80313,2.78173,2.77826,2.78253,2.73317,2.71134,2.69289,2.69118,2.7063,2.68396,2.73061,2.81677,2.71969,2.69661,2.76,2.72601,2.7246,2.70259,2.668,2.70158,2.72046,2.66178,2.71701,2.71808,2.77554,2.73495,2.70787,2.7944,2.77722,2.67331,2.8443,2.68322,
0.137865,0.193007,0.152754,0.15942,0.14362,0.0570158,0.115059,0.204462,0.171005,0.0954369,0.118928,0.153114,0.101308,0.0806983,0.100996,0.0654489,0.0624624,0.0716694,0.0741626,0.025688,0.00939142,0.0745033,0.0561613,0.0440391,0.022539,0.0418883,0.0270451,0.000763847,-0.0172294,0.0795847,0.00816835,0.063818,0.0456742,-0.00337628,-0.0635692,-0.00304845,0.0285417,-0.00101899,-0.0144813,0.0348544,
138.131,138.24,138.349,138.458,138.568,138.679,138.79,138.904,139.018,139.133,139.248,139.362,139.475,139.589,139.702,139.815,139.93,140.046,140.163,140.28,140.395,140.511,140.628,140.745,140.862,140.979,141.096,141.213,141.329,141.446,141.564,141.68,141.797,141.914,142.03,142.147,142.265,142.383,142.502,142.621,
135.789,135.704,135.62,135.537,135.454,135.372,135.29,135.208,135.126,135.046,134.965,134.887,134.809,134.732,134.656,134.582,134.507,134.433,134.359,134.286,134.214,134.143,134.071,134,133.929,133.859,133.788,133.717,133.647,133.576,133.505,133.434,133.364,133.293,133.223,133.153,133.082,133.012,132.941,132.87,
-0.662047,-0.657349,-0.65082,-0.643014,-0.639948,-0.633409,-0.626692,-0.618363,-0.61398,-0.608728,-0.605593,-0.599479,-0.595258,-0.589906,-0.581754,-0.576793,-0.570554,-0.562865,-0.560202,-0.556234,-0.551968,-0.54849,-0.547626,-0.543414,-0.544043,-0.544853,-0.544744,-0.541879,-0.542934,-0.545239,-0.543338,-0.542302,-0.543711,-0.543427,-0.540777,-0.539606,-0.537814,-0.539231,-0.538705,-0.53601,
2.74562,2.75371,2.74606,2.757,2.7573,2.77219,2.80293,2.80932,2.79418,2.81036,2.77041,2.74995,2.73789,2.72517,2.71099,2.74099,2.75758,2.7596,2.76031,2.72848,2.71974,2.73633,2.74868,2.72669,2.72464,2.73971,2.73961,2.71335,2.7341,2.74412,2.72272,2.72937,2.73203,2.71282,2.72848,2.76184,2.74172,2.77342,2.76634,2.73561,
2.73703,2.76881,2.73185,2.77742,2.75786,2.79983,2.85948,2.82089,2.76688,2.83978,2.69842,2.71228,2.71542,2.70129,2.6842,2.79813,2.78865,2.76335,2.76162,2.66951,2.70326,2.76776,2.77186,2.68568,2.72078,2.7682,2.73942,2.66414,2.77357,2.76294,2.68272,2.74195,2.73705,2.67666,2.75829,2.82474,2.70448,2.83277,2.75331,2.67888,
0.168938,0.0939555,0.130589,0.156123,0.0613245,0.130771,0.134336,0.166592,0.0876502,0.105043,0.0626917,0.122283,0.0844275,0.10703,0.163053,0.0992225,0.124781,0.153777,0.0532589,0.0793627,0.0853138,0.0695488,0.0172912,0.0842341,-0.012585,-0.0161952,0.00218789,0.0572912,-0.0210888,-0.046109,0.0380287,0.0207084,-0.0281697,0.00568652,0.052985,0.0234316,0.0358291,-0.0283415,0.0105348,0.0538985,
138.24,138.348,138.458,138.568,138.678,138.789,138.901,139.014,139.127,139.24,139.353,139.466,139.579,139.692,139.805,139.919,140.035,140.15,140.266,140.382,140.499,140.616,140.734,140.852,140.969,141.086,141.202,141.317,141.433,141.55,141.665,141.781,141.897,142.012,142.128,142.245,142.362,142.479,142.597,142.714,
135.704,135.621,135.537,135.455,135.373,135.292,135.212,135.131,135.052,134.973,134.895,134.819,134.742,134.666,134.591,134.515,134.44,134.364,134.289,134.215,134.141,134.067,133.992,133.919,133.845,133.772,133.699,133.627,133.555,133.483,133.411,133.34,133.269,133.198,133.126,133.054,132.982,132.909,132.837,132.766,
-0.655525,-0.649002,-0.642362,-0.637907,-0.632096,-0.624934,-0.618235,-0.614354,-0.606943,-0.602265,-0.597648,-0.593546,-0.590401,-0.587109,-0.586062,-0.581133,-0.576146,-0.574223,-0.570419,-0.567456,-0.561674,-0.562331,-0.560008,-0.561353,-0.561415,-0.560932,-0.555999,-0.555537,-0.555284,-0.552634,-0.552003,-0.552381,-0.553598,-0.552151,-0.553846,-0.553664,-0.553059,-0.550921,-0.547623,-0.547921,
2.74648,2.75848,2.74637,2.73569,2.74445,2.76385,2.76545,2.76466,2.75436,2.74344,2.73596,2.73486,2.72422,2.7109,2.74345,2.75838,2.75918,2.76085,2.76117,2.75952,2.77662,2.79003,2.77852,2.76039,2.75758,2.73775,2.72379,2.72998,2.74978,2.70753,2.72075,2.71412,2.70375,2.72646,2.75977,2.74134,2.76605,2.75936,2.73728,2.71133,
2.74809,2.78088,2.72391,2.71575,2.76091,2.80009,2.7684,2.7632,2.73533,2.72316,2.72196,2.73279,2.70422,2.68573,2.80544,2.7863,2.76067,2.76393,2.76177,2.75646,2.80832,2.81465,2.75755,2.72712,2.75238,2.70095,2.69761,2.74168,2.78709,2.6288,2.74599,2.70155,2.68402,2.76989,2.82268,2.70717,2.81231,2.74702,2.69634,2.66262,
0.130448,0.130465,0.132785,0.089116,0.116213,0.143246,0.133979,0.0776168,0.148224,0.0935519,0.0923397,0.0820355,0.0629023,0.0658453,0.0209463,0.0985643,0.0997569,0.0384426,0.0760912,0.0592587,0.11564,-0.0131403,0.0464652,-0.0269037,-0.00124412,0.00966411,0.0986491,0.00924146,0.00506916,0.0529997,0.0126247,-0.00755633,-0.0243579,0.0289518,-0.0339097,0.00363899,0.0121007,0.0427647,0.0659659,-0.00597292,
138.348,138.457,138.568,138.679,138.79,138.901,139.012,139.124,139.237,139.35,139.463,139.576,139.688,139.802,139.916,140.03,140.144,140.26,140.375,140.49,140.606,140.723,140.839,140.956,141.073,141.19,141.307,141.423,141.54,141.657,141.774,141.892,142.009,142.127,142.245,142.365,142.484,142.604,142.723,142.841,
135.621,135.538,135.455,135.374,135.293,135.213,135.135,135.056,134.979,134.902,134.826,134.75,134.675,134.6,134.525,134.451,134.378,134.305,134.232,134.158,134.086,134.014,133.941,133.869,133.798,133.725,133.654,133.583,133.513,133.442,133.371,133.3,133.228,133.156,133.083,133.011,132.938,132.866,132.795,132.724,
-0.648339,-0.641265,-0.634576,-0.629346,-0.621524,-0.616422,-0.609936,-0.602533,-0.598281,-0.594331,-0.590414,-0.587294,-0.582598,-0.580464,-0.574853,-0.569269,-0.56643,-0.566008,-0.564567,-0.559283,-0.556829,-0.554219,-0.553298,-0.550406,-0.55165,-0.547986,-0.545094,-0.544102,-0.544142,-0.544363,-0.546403,-0.549808,-0.550306,-0.548003,-0.545437,-0.544703,-0.542362,-0.541287,-0.542302,-0.541756,
2.72802,2.76657,2.75498,2.74728,2.74289,2.7174,2.72938,2.74472,2.72308,2.72573,2.72785,2.70245,2.71279,2.72838,2.71602,2.71041,2.74111,2.72585,2.74252,2.7234,2.75106,2.7406,2.747,2.74045,2.7571,2.73628,2.72094,2.73467,2.72653,2.74794,2.75061,2.73631,2.76725,2.78475,2.78816,2.80374,2.79996,2.76823,2.7496,2.7267,
2.69357,2.83929,2.73357,2.73297,2.73469,2.66973,2.75211,2.77362,2.68264,2.73074,2.73185,2.65453,2.73259,2.75804,2.69269,2.69977,2.79961,2.69725,2.77401,2.68761,2.80337,2.72112,2.75898,2.72823,2.78831,2.69763,2.69214,2.76067,2.71123,2.78837,2.75558,2.70969,2.82534,2.81703,2.79439,2.83217,2.79313,2.71073,2.71523,2.68404,
0.143722,0.14148,0.133768,0.104603,0.156438,0.102044,0.129729,0.148051,0.0850517,0.0789972,0.0783355,0.0623953,0.0939284,0.0426681,0.112235,0.111663,0.0567803,0.00845365,0.0288224,0.105674,0.0490727,0.0522029,0.018423,0.0578387,-0.0248741,0.0732742,0.0578388,0.0198309,-0.000795139,-0.00440927,-0.0408136,-0.0680869,-0.00996852,0.0460577,0.0513155,0.0146795,0.0468386,0.0214947,-0.0203022,0.0109185,
138.457,138.567,138.677,138.789,138.9,139.013,139.125,139.237,139.351,139.464,139.576,139.688,139.801,139.914,140.027,140.14,140.256,140.372,140.488,140.604,140.72,140.837,140.955,141.073,141.192,141.31,141.428,141.545,141.663,141.779,141.897,142.015,142.133,142.252,142.37,142.489,142.608,142.727,142.845,142.963,
135.538,135.456,135.374,135.292,135.211,135.129,135.05,134.971,134.893,134.816,134.74,134.665,134.591,134.517,134.444,134.37,134.297,134.223,134.15,134.078,134.006,133.934,133.861,133.789,133.717,133.646,133.574,133.503,133.432,133.362,133.291,133.22,133.149,133.078,133.007,132.936,132.866,132.796,132.726,132.657,
-0.643902,-0.638799,-0.634071,-0.628838,-0.625516,-0.618429,-0.609973,-0.601254,-0.598327,-0.594336,-0.589943,-0.583781,-0.579219,-0.577726,-0.571925,-0.566666,-0.563625,-0.562758,-0.558793,-0.554639,-0.551909,-0.549691,-0.54645,-0.546932,-0.544912,-0.545073,-0.544551,-0.542628,-0.541621,-0.541823,-0.542128,-0.541555,-0.540431,-0.53968,-0.536893,-0.533757,-0.531819,-0.532836,-0.531068,-0.5292,
2.74978,2.74548,2.76185,2.76541,2.77408,2.74687,2.74168,2.75526,2.73855,2.71162,2.70213,2.69843,2.6976,2.69049,2.70088,2.73951,2.75906,2.74736,2.72298,2.72944,2.75795,2.76515,2.76721,2.76978,2.76495,2.74969,2.74853,2.74313,2.72726,2.75008,2.74514,2.75742,2.77796,2.76243,2.75574,2.77206,2.75565,2.7432,2.74286,2.74525,
2.79083,2.73747,2.79241,2.77202,2.79008,2.69686,2.732,2.78067,2.7075,2.66113,2.68405,2.69135,2.696,2.67685,2.7209,2.81351,2.79569,2.72566,2.6775,2.74166,2.81169,2.77849,2.77102,2.77453,2.75606,2.72148,2.74636,2.73305,2.69759,2.79315,2.73593,2.78037,2.81607,2.73393,2.74336,2.80239,2.72545,2.72006,2.74224,2.74971,
0.0887259,0.102066,0.0945696,0.104645,0.0664534,0.141729,0.169122,0.174383,0.0585491,0.0798066,0.0878552,0.123258,0.0912304,0.0298539,0.116023,0.105177,0.0608261,0.0173396,0.0792955,0.0830889,0.0545878,0.0443763,0.0648075,-0.00963213,0.0404013,-0.00321957,0.0104265,0.0384629,0.0201509,-0.00404835,-0.00609987,0.0114537,0.0224972,0.0150053,0.0557442,0.0627153,0.038758,-0.020333,0.0353656,0.0373461,
138.567,138.677,138.788,138.899,139.012,139.125,139.238,139.351,139.463,139.576,139.689,139.802,139.916,140.03,140.145,140.26,140.374,140.49,140.604,140.719,140.836,140.953,141.069,141.185,141.301,141.416,141.531,141.647,141.763,141.88,141.998,142.115,142.233,142.349,142.467,142.584,142.702,142.819,142.937,143.054,
135.456,135.374,135.293,135.213,135.133,135.054,134.976,134.899,134.822,134.747,134.672,134.597,134.522,134.448,134.373,134.299,134.226,134.152,134.081,134.009,133.936,133.863,133.791,133.719,133.648,133.577,133.506,133.435,133.365,133.293,133.221,133.149,133.078,133.007,132.935,132.864,132.792,132.72,132.648,132.576,
-0.636627,-0.630535,-0.626435,-0.616525,-0.610842,-0.605894,-0.597953,-0.596773,-0.591202,-0.586039,-0.584518,-0.580507,-0.576808,-0.575249,-0.572437,-0.570138,-0.567342,-0.561534,-0.557966,-0.556368,-0.556439,-0.555542,-0.554704,-0.553194,-0.554418,-0.548859,-0.547985,-0.54791,-0.548667,-0.547936,-0.549225,-0.547321,-0.546755,-0.547753,-0.546674,-0.547559,-0.550198,-0.549605,-0.548515,-0.548504,
2.73443,2.74614,2.75419,2.76239,2.74986,2.74632,2.73919,2.7206,2.71215,2.706,2.7167,2.72126,2.72956,2.73313,2.73092,2.72793,2.73073,2.69903,2.72133,2.75818,2.74907,2.73313,2.72183,2.72226,2.71128,2.70275,2.71898,2.71488,2.74548,2.75191,2.75816,2.74854,2.7309,2.74886,2.75168,2.7495,2.76311,2.75153,2.75702,2.76467,
2.70582,2.76814,2.76924,2.77762,2.72668,2.73971,2.72588,2.68574,2.69614,2.69429,2.73715,2.72991,2.74529,2.73986,2.72676,2.72231,2.73599,2.63932,2.76411,2.82794,2.73217,2.70341,2.70058,2.72306,2.69051,2.6865,2.75002,2.70711,2.80364,2.76393,2.76979,2.73069,2.69801,2.78268,2.75693,2.74545,2.78849,2.73009,2.76724,2.77889,
0.145502,0.121851,0.0819884,0.198206,0.113667,0.0989558,0.158829,0.0235872,0.111433,0.103259,0.0304208,0.0802041,0.0739905,0.0311725,0.0562486,0.0459724,0.0559186,0.116162,0.0713616,0.0319558,-0.00142389,0.0179564,0.0167483,0.0302073,-0.0244753,0.111165,0.017482,0.00150205,-0.0151372,0.0146217,-0.025779,0.0380744,0.0113245,-0.0199614,0.0215693,-0.0176856,-0.052783,0.0118658,0.0217894,0.000217009,
138.677,138.788,138.899,139.011,139.124,139.236,139.347,139.459,139.57,139.684,139.798,139.913,140.027,140.142,140.257,140.372,140.487,140.601,140.717,140.832,140.949,141.066,141.182,141.299,141.416,141.533,141.65,141.768,141.885,142.003,142.121,142.239,142.357,142.476,142.593,142.71,142.829,142.947,143.066,143.184,
135.374,135.294,135.213,135.133,135.053,134.974,134.896,134.819,134.742,134.665,134.588,134.512,134.437,134.361,134.286,134.212,134.138,134.065,133.992,133.919,133.846,133.774,133.702,133.63,133.558,133.488,133.417,133.347,133.276,133.205,133.135,133.064,132.993,132.923,132.853,132.783,132.713,132.643,132.573,132.502,
-0.631318,-0.626527,-0.620446,-0.616686,-0.615222,-0.610396,-0.60625,-0.600711,-0.593452,-0.592061,-0.587499,-0.583113,-0.580567,-0.578138,-0.574896,-0.571846,-0.569221,-0.562956,-0.559825,-0.559674,-0.557639,-0.554264,-0.550627,-0.547277,-0.544385,-0.542352,-0.540649,-0.539545,-0.539277,-0.540021,-0.54086,-0.538207,-0.538082,-0.538686,-0.53536,-0.535307,-0.534583,-0.534366,-0.536151,-0.535559,
2.7393,2.74037,2.76777,2.75549,2.74551,2.71765,2.71427,2.71282,2.73397,2.76215,2.76218,2.73523,2.74229,2.74463,2.73842,2.738,2.71315,2.7272,2.73236,2.75453,2.74874,2.73423,2.75321,2.74328,2.72554,2.73482,2.73944,2.74641,2.74814,2.74758,2.75712,2.75058,2.75494,2.73152,2.72662,2.76692,2.7358,2.76077,2.75866,2.75624,
2.74844,2.74239,2.81908,2.73283,2.72698,2.66562,2.70787,2.71006,2.77421,2.81513,2.76223,2.68535,2.75557,2.74899,2.72681,2.73721,2.66653,2.75394,2.74209,2.79625,2.73798,2.70718,2.78889,2.72481,2.69235,2.75234,2.74813,2.75947,2.75136,2.74654,2.77491,2.73846,2.76306,2.688,2.71738,2.84301,2.67835,2.80767,2.75476,2.75174,
0.106187,0.0958148,0.121618,0.0752068,0.0292804,0.0965144,0.0829342,0.110773,0.145175,0.0278363,0.0912304,0.0877125,0.0509252,0.0485867,0.0648298,0.0610155,0.0524867,0.125309,0.0626079,0.00302714,0.0407056,0.0674951,0.0727495,0.0669952,0.0578305,0.0406685,0.0340475,0.0220824,0.00537392,-0.014884,-0.0167831,0.0530519,0.00251589,-0.0120788,0.0665053,0.00105765,0.0144848,0.00434523,-0.0357093,0.0118372,
138.788,138.899,139.012,139.125,139.237,139.349,139.461,139.572,139.686,139.8,139.914,140.027,140.142,140.257,140.372,140.486,140.601,140.715,140.83,140.946,141.062,141.178,141.296,141.413,141.53,141.647,141.763,141.881,141.998,142.116,142.233,142.35,142.468,142.585,142.701,142.819,142.935,143.053,143.17,143.288,
135.294,135.213,135.132,135.052,134.973,134.895,134.818,134.741,134.664,134.587,134.51,134.434,134.358,134.282,134.207,134.132,134.058,133.985,133.912,133.839,133.766,133.693,133.62,133.547,133.476,133.404,133.333,133.261,133.189,133.117,133.046,132.975,132.904,132.833,132.761,132.689,132.618,132.547,132.475,132.403,
-0.626042,-0.620881,-0.616067,-0.61343,-0.60966,-0.604915,-0.600706,-0.598305,-0.595943,-0.592293,-0.588803,-0.585659,-0.583597,-0.57984,-0.577684,-0.573873,-0.569624,-0.56664,-0.564327,-0.562626,-0.558271,-0.555764,-0.552694,-0.550878,-0.550511,-0.549508,-0.548136,-0.54831,-0.547014,-0.548941,-0.546053,-0.543173,-0.546909,-0.548612,-0.548522,-0.547721,-0.546442,-0.54879,-0.548656,-0.549226,
2.76088,2.77691,2.76566,2.7356,2.72225,2.7214,2.71275,2.74547,2.75704,2.73786,2.73382,2.75248,2.74867,2.75284,2.73179,2.72652,2.72278,2.72076,2.73318,2.74441,2.75399,2.76132,2.76109,2.74025,2.73818,2.73891,2.74956,2.7472,2.76822,2.73652,2.74308,2.74691,2.73873,2.73325,2.75232,2.73255,2.75012,2.74944,2.76156,2.74195,
2.80135,2.80661,2.74499,2.68009,2.69717,2.7198,2.69636,2.80772,2.77865,2.70225,2.72626,2.78755,2.74158,2.76062,2.69263,2.71659,2.71571,2.71694,2.75669,2.76554,2.77191,2.77495,2.76065,2.70166,2.7343,2.74029,2.76953,2.7428,2.80745,2.67804,2.7554,2.75408,2.72346,2.72296,2.78819,2.69575,2.78319,2.74818,2.78416,2.70563,
0.105525,0.103205,0.0962911,0.0527407,0.0753987,0.0949083,0.0841703,0.0480114,0.0472462,0.0729985,0.0698139,0.0628634,0.041255,0.0751378,0.0431181,0.0762156,0.0849762,0.0596877,0.0462657,0.0340075,0.0871112,0.0501234,0.0614145,0.036313,0.00734228,0.0200631,0.0274299,-0.00346422,0.0259129,-0.0385481,0.0577707,0.0575978,-0.074723,-0.034061,0.0017903,0.0160269,0.0255787,-0.0469522,0.00267534,-0.0113957,
